Vendor id,Vendor Name,Entity Name,Entity id,Fiscal Year,Net Amount,Num of Transactions,UCA Account Code,Description,level_primary,level_secondary,level_tertiary,level_quaternary
1504619,premier vehicle insta,Wayne County,351,2018,47169.56,6,40060000,Grants and Contracts,EXPENDITURES,Grants and Contracts,NA,NA
1703921,logan city corp,Cache County,301,2018,29227,1,40060300,Grants and Contracts - Local,EXPENDITURES,Grants and Contracts,Local,NA
1703921,logan city corp,Cache County,301,2019,30688,1,40060300,Grants and Contracts - Local,EXPENDITURES,Grants and Contracts,Local,NA
1704323,utah department of health,Cache County,301,2018,2461361.77,48,40060000,Grants and Contracts,EXPENDITURES,Grants and Contracts,NA,NA
1704323,utah department of health,Cache County,301,2019,2251751.68,37,40060000,Grants and Contracts,EXPENDITURES,Grants and Contracts,NA,NA
1704379,legrand johnson const,Cache County,301,2019,95291.83,1,40060000,Grants and Contracts,EXPENDITURES,Grants and Contracts,NA,NA
1704551,nibley city corporation,Cache County,301,2019,140000,2,40060300,Grants and Contracts - Local,EXPENDITURES,Grants and Contracts,Local,NA
1704607,cache valley center for arts,Cache County,301,2018,90000,1,40060300,Grants and Contracts - Local,EXPENDITURES,Grants and Contracts,Local,NA
1704607,cache valley center for arts,Cache County,301,2019,140000,4,40060300,Grants and Contracts - Local,EXPENDITURES,Grants and Contracts,Local,NA
1704711,utah festival opera company,Cache County,301,2018,200000,2,40060300,Grants and Contracts - Local,EXPENDITURES,Grants and Contracts,Local,NA
1704711,utah festival opera company,Cache County,301,2019,200000,1,40060300,Grants and Contracts - Local,EXPENDITURES,Grants and Contracts,Local,NA
1704715,logan city parks  recreation,Cache County,301,2018,102461.89,5,40060300,Grants and Contracts - Local,EXPENDITURES,Grants and Contracts,Local,NA
1704735,richmond city corporation,Cache County,301,2018,33607.3,2,40060300,Grants and Contracts - Local,EXPENDITURES,Grants and Contracts,Local,NA
1704763,hyrum city,Cache County,301,2018,80569.45,2,40060300,Grants and Contracts - Local,EXPENDITURES,Grants and Contracts,Local,NA
1704763,hyrum city,Cache County,301,2019,81347.92,2,40060300,Grants and Contracts - Local,EXPENDITURES,Grants and Contracts,Local,NA
1829111,zions bankvisa,Carbon County,303,2018,34036.08,118,40060200,Grants and Contracts - State,EXPENDITURES,Grants and Contracts,State,NA
1829111,zions bankvisa,Carbon County,303,2019,40263.76,122,40060200,Grants and Contracts - State,EXPENDITURES,Grants and Contracts,State,NA
1829263,price municipal corporation,Carbon County,303,2019,67892.22,3,40060200,Grants and Contracts - State,EXPENDITURES,Grants and Contracts,State,NA
2029615,cache county ems authority,Cache County,301,2018,400000,1,40060300,Grants and Contracts - Local,EXPENDITURES,Grants and Contracts,Local,NA
2029615,cache county ems authority,Cache County,301,2019,400000,1,40060300,Grants and Contracts - Local,EXPENDITURES,Grants and Contracts,Local,NA
2029761,clarkston city corporation,Cache County,301,2018,29696.25,2,40060300,Grants and Contracts - Local,EXPENDITURES,Grants and Contracts,Local,NA
2042619,barclay mechanical,Sanpete County,335,2018,261853.18,8,40060200,Grants and Contracts - State,EXPENDITURES,Grants and Contracts,State,NA
2079027,jones  demille engineering,Sevier County,337,2018,67040,5,40060100,Grants and Contracts - Federal,EXPENDITURES,Grants and Contracts,Federal,NA
2079027,jones  demille engineering,Sevier County,337,2019,349369.25,9,40060100,Grants and Contracts - Federal,EXPENDITURES,Grants and Contracts,Federal,NA
2079185,a  d jensen contractors,Sevier County,337,2019,41930,1,40060100,Grants and Contracts - Federal,EXPENDITURES,Grants and Contracts,Federal,NA
2103219,bankcard center,Summit County,339,2019,44269.93,109,40060000,Grants and Contracts,EXPENDITURES,Grants and Contracts,NA,NA
2103231,snyderville basin special recreation,Summit County,339,2019,209002,4,40060000,Grants and Contracts,EXPENDITURES,Grants and Contracts,NA,NA
2103487,kamas city corporation,Summit County,339,2019,142000,1,40060000,Grants and Contracts,EXPENDITURES,Grants and Contracts,NA,NA
2103503,park city performing arts,Summit County,339,2019,65000,1,40060000,Grants and Contracts,EXPENDITURES,Grants and Contracts,NA,NA
2103611,park silly sunday market,Summit County,339,2019,35000,1,40060000,Grants and Contracts,EXPENDITURES,Grants and Contracts,NA,NA
2103839,utah symphony,Summit County,339,2018,78000,1,40060000,Grants and Contracts,EXPENDITURES,Grants and Contracts,NA,NA
2103903,park city municipal corporation,Summit County,339,2019,170252.4,4,40060000,Grants and Contracts,EXPENDITURES,Grants and Contracts,NA,NA
2189235,jones  demille engineering,Sanpete County,335,2018,81775.08,7,40060200,Grants and Contracts - State,EXPENDITURES,Grants and Contracts,State,NA
2264603,wilburellis company,Tooele County,341,2018,31589,4,40060200,Grants and Contracts - State,EXPENDITURES,Grants and Contracts,State,NA
2379460,beaver city corp,Beaver County,297,2019,34333,1,40060300,Grants and Contracts - Local,EXPENDITURES,Grants and Contracts,Local,NA
2379464,milford city of,Beaver County,297,2019,34333,1,40060300,Grants and Contracts - Local,EXPENDITURES,Grants and Contracts,Local,NA
2379604,minersville town,Beaver County,297,2019,34333,1,40060300,Grants and Contracts - Local,EXPENDITURES,Grants and Contracts,Local,NA
2557503,blanding city,San Juan County,333,2018,70000,1,40060300,Grants and Contracts - Local,EXPENDITURES,Grants and Contracts,Local,NA
2557907,monticello city,San Juan County,333,2018,70000,1,40060300,Grants and Contracts - Local,EXPENDITURES,Grants and Contracts,Local,NA
2558077,san juan counseling,San Juan County,333,2018,100890,3,40060300,Grants and Contracts - Local,EXPENDITURES,Grants and Contracts,Local,NA
2575395,park city film council,Summit County,339,2018,71079,1,40060000,Grants and Contracts,EXPENDITURES,Grants and Contracts,NA,NA
2575395,park city film council,Summit County,339,2019,75000,1,40060000,Grants and Contracts,EXPENDITURES,Grants and Contracts,NA,NA
2575397,community wireless of park city inc,Summit County,339,2018,73000,2,40060000,Grants and Contracts,EXPENDITURES,Grants and Contracts,NA,NA
2575397,community wireless of park city inc,Summit County,339,2019,80000,1,40060000,Grants and Contracts,EXPENDITURES,Grants and Contracts,NA,NA
2577839,armstrong consultants,Cache County,301,2019,36330,5,40060000,Grants and Contracts,EXPENDITURES,Grants and Contracts,NA,NA
2580261,sunshine terrace foundation,Cache County,301,2018,65000,1,40060400,Grants and Contracts - Private,EXPENDITURES,Grants and Contracts,Private,NA
2580261,sunshine terrace foundation,Cache County,301,2019,65000,1,40060400,Grants and Contracts - Private,EXPENDITURES,Grants and Contracts,Private,NA
2581781,north summit county recreation ssd,Summit County,339,2018,35000,2,40060000,Grants and Contracts,EXPENDITURES,Grants and Contracts,NA,NA
2581781,north summit county recreation ssd,Summit County,339,2019,107000,2,40060000,Grants and Contracts,EXPENDITURES,Grants and Contracts,NA,NA
2844811,heber valley tourism  econ development,Wasatch County,347,2018,120000,4,40060000,Grants and Contracts,EXPENDITURES,Grants and Contracts,NA,NA
2844811,heber valley tourism  econ development,Wasatch County,347,2019,70000,3,40060000,Grants and Contracts,EXPENDITURES,Grants and Contracts,NA,NA
2869357,big pine sports inc,Sanpete County,335,2019,25118.39,5,40060200,Grants and Contracts - State,EXPENDITURES,Grants and Contracts,State,NA
2899931,armstrong consultants inc,Garfield County,313,2018,25255.5,4,40060000,Grants and Contracts,EXPENDITURES,Grants and Contracts,NA,NA
2916543,santa clara city,Washington County,349,2018,98061.98,12,40060300,Grants and Contracts - Local,EXPENDITURES,Grants and Contracts,Local,NA
2916543,santa clara city,Washington County,349,2019,96144.55,11,40060300,Grants and Contracts - Local,EXPENDITURES,Grants and Contracts,Local,NA
2916791,utah state tax commission,Washington County,349,2018,246738.43,12,40060200,Grants and Contracts - State,EXPENDITURES,Grants and Contracts,State,NA
2916791,utah state tax commission,Washington County,349,2019,261789.98,14,40060200,Grants and Contracts - State,EXPENDITURES,Grants and Contracts,State,NA
2916799,huntsman world senior games,Washington County,349,2018,57000,3,40060400,Grants and Contracts - Private,EXPENDITURES,Grants and Contracts,Private,NA
2916799,huntsman world senior games,Washington County,349,2019,55000,1,40060400,Grants and Contracts - Private,EXPENDITURES,Grants and Contracts,Private,NA
2916979,springdale town,Washington County,349,2018,38901.63,12,40060300,Grants and Contracts - Local,EXPENDITURES,Grants and Contracts,Local,NA
2916979,springdale town,Washington County,349,2019,38168.83,11,40060300,Grants and Contracts - Local,EXPENDITURES,Grants and Contracts,Local,NA
2917435,hurricane city,Washington County,349,2018,284072.98,12,40060300,Grants and Contracts - Local,EXPENDITURES,Grants and Contracts,Local,NA
2917435,hurricane city,Washington County,349,2019,275643.4,11,40060300,Grants and Contracts - Local,EXPENDITURES,Grants and Contracts,Local,NA
2917669,trailer source,Washington County,349,2018,53454,1,40060100,Grants and Contracts - Federal,EXPENDITURES,Grants and Contracts,Federal,NA
2917779,hurricane valley fire,Washington County,349,2019,27860,1,40060200,Grants and Contracts - State,EXPENDITURES,Grants and Contracts,State,NA
2917809,st george city,Washington County,349,2018,2373810.47,14,40060300,Grants and Contracts - Local,EXPENDITURES,Grants and Contracts,Local,NA
2917809,st george city,Washington County,349,2018,530000,2,40060400,Grants and Contracts - Private,EXPENDITURES,Grants and Contracts,Private,NA
2917809,st george city,Washington County,349,2019,2271377.29,12,40060300,Grants and Contracts - Local,EXPENDITURES,Grants and Contracts,Local,NA
2917809,st george city,Washington County,349,2019,530000,2,40060400,Grants and Contracts - Private,EXPENDITURES,Grants and Contracts,Private,NA
2917929,flitch creative,Washington County,349,2018,100000,11,40060400,Grants and Contracts - Private,EXPENDITURES,Grants and Contracts,Private,NA
2987239,dixie state university,Washington County,349,2018,45000,2,40060400,Grants and Contracts - Private,EXPENDITURES,Grants and Contracts,Private,NA
2987255,ivins city,Washington County,349,2018,1339299.38,2,40060100,Grants and Contracts - Federal,EXPENDITURES,Grants and Contracts,Federal,NA
2987255,ivins city,Washington County,349,2018,116951.9,12,40060300,Grants and Contracts - Local,EXPENDITURES,Grants and Contracts,Local,NA
2987255,ivins city,Washington County,349,2018,300000,1,40060400,Grants and Contracts - Private,EXPENDITURES,Grants and Contracts,Private,NA
2987255,ivins city,Washington County,349,2019,112387.84,11,40060300,Grants and Contracts - Local,EXPENDITURES,Grants and Contracts,Local,NA
2987255,ivins city,Washington County,349,2019,50000,1,40060400,Grants and Contracts - Private,EXPENDITURES,Grants and Contracts,Private,NA
2987291,tuacahn center for the arts,Washington County,349,2018,125000,1,40060300,Grants and Contracts - Local,EXPENDITURES,Grants and Contracts,Local,NA
2987291,tuacahn center for the arts,Washington County,349,2018,210000,2,40060400,Grants and Contracts - Private,EXPENDITURES,Grants and Contracts,Private,NA
2987291,tuacahn center for the arts,Washington County,349,2019,125000,1,40060300,Grants and Contracts - Local,EXPENDITURES,Grants and Contracts,Local,NA
2987291,tuacahn center for the arts,Washington County,349,2019,250000,2,40060400,Grants and Contracts - Private,EXPENDITURES,Grants and Contracts,Private,NA
2987327,st george lions club,Washington County,349,2018,62000,2,40060400,Grants and Contracts - Private,EXPENDITURES,Grants and Contracts,Private,NA
3025335,trinity services groupinc,Tooele County,341,2018,186672.75,64,40060200,Grants and Contracts - State,EXPENDITURES,Grants and Contracts,State,NA
3025335,trinity services groupinc,Tooele County,341,2019,90687.43,29,40060200,Grants and Contracts - State,EXPENDITURES,Grants and Contracts,State,NA
3309531,willow park zoo,Cache County,301,2018,127000,1,40060300,Grants and Contracts - Local,EXPENDITURES,Grants and Contracts,Local,NA
3313189,manti city power,Sanpete County,335,2018,42135.37,3,40060200,Grants and Contracts - State,EXPENDITURES,Grants and Contracts,State,NA
3479175,kane county emer services,Washington County,349,2018,48285.51,10,40060100,Grants and Contracts - Federal,EXPENDITURES,Grants and Contracts,Federal,NA
3627767,grand county solid waste,Grand County,315,2018,800000,8,40060000,Grants and Contracts,EXPENDITURES,Grants and Contracts,NA,NA
3627767,grand county solid waste,Grand County,315,2019,81250,1,40060000,Grants and Contracts,EXPENDITURES,Grants and Contracts,NA,NA
3627775,moab city inc,Grand County,315,2018,269882.27,51,40060000,Grants and Contracts,EXPENDITURES,Grants and Contracts,NA,NA
3627811,southeastern utah district,Grand County,315,2018,164492,10,40060000,Grants and Contracts,EXPENDITURES,Grants and Contracts,NA,NA
3627811,southeastern utah district,Grand County,315,2019,45847,3,40060000,Grants and Contracts,EXPENDITURES,Grants and Contracts,NA,NA
3627833,langston brent,Grand County,315,2018,57476,38,40060000,Grants and Contracts,EXPENDITURES,Grants and Contracts,NA,NA
3628153,canyonlands natural  history,Grand County,315,2018,115650.49,27,40060000,Grants and Contracts,EXPENDITURES,Grants and Contracts,NA,NA
3628153,canyonlands natural  history,Grand County,315,2019,31847.41,4,40060000,Grants and Contracts,EXPENDITURES,Grants and Contracts,NA,NA
3628921,moab fire protection district,Grand County,315,2018,93600,8,40060000,Grants and Contracts,EXPENDITURES,Grants and Contracts,NA,NA
3629113,museum of moab,Grand County,315,2018,156000,4,40060000,Grants and Contracts,EXPENDITURES,Grants and Contracts,NA,NA
3629113,museum of moab,Grand County,315,2019,42900,1,40060000,Grants and Contracts,EXPENDITURES,Grants and Contracts,NA,NA
3629845,fccbh4 corners commbehavhea,Grand County,315,2018,156499.5,3,40060000,Grants and Contracts,EXPENDITURES,Grants and Contracts,NA,NA
3630145,seualg,Grand County,315,2018,226893.5,13,40060000,Grants and Contracts,EXPENDITURES,Grants and Contracts,NA,NA
3630145,seualg,Grand County,315,2019,55337.5,2,40060000,Grants and Contracts,EXPENDITURES,Grants and Contracts,NA,NA
4001925,mountain town music,Summit County,339,2018,72000,1,40060000,Grants and Contracts,EXPENDITURES,Grants and Contracts,NA,NA
4001925,mountain town music,Summit County,339,2019,80000,1,40060000,Grants and Contracts,EXPENDITURES,Grants and Contracts,NA,NA
4002839,henefer town inc,Summit County,339,2019,90000,1,40060000,Grants and Contracts,EXPENDITURES,Grants and Contracts,NA,NA
4003221,swaner preserve  eco center,Summit County,339,2018,55000,1,40060000,Grants and Contracts,EXPENDITURES,Grants and Contracts,NA,NA
4003221,swaner preserve  eco center,Summit County,339,2019,65000,1,40060000,Grants and Contracts,EXPENDITURES,Grants and Contracts,NA,NA
4322691,duchesne city,Duchesne County,309,2018,78836.49,13,40060300,Grants and Contracts - Local,EXPENDITURES,Grants and Contracts,Local,NA
4322691,duchesne city,Duchesne County,309,2019,59108.56,17,40060300,Grants and Contracts - Local,EXPENDITURES,Grants and Contracts,Local,NA
4322775,myton city,Duchesne County,309,2018,30315.51,10,40060300,Grants and Contracts - Local,EXPENDITURES,Grants and Contracts,Local,NA
4322775,myton city,Duchesne County,309,2019,38973.4,8,40060300,Grants and Contracts - Local,EXPENDITURES,Grants and Contracts,Local,NA
4322811,roosevelt city corp,Duchesne County,309,2018,101199.82,5,40060300,Grants and Contracts - Local,EXPENDITURES,Grants and Contracts,Local,NA
4322811,roosevelt city corp,Duchesne County,309,2019,113101.1,6,40060300,Grants and Contracts - Local,EXPENDITURES,Grants and Contracts,Local,NA
4323009,doxtek,Duchesne County,309,2018,25988.08,3,40060300,Grants and Contracts - Local,EXPENDITURES,Grants and Contracts,Local,NA
4323009,doxtek,Duchesne County,309,2019,27693.68,1,40060300,Grants and Contracts - Local,EXPENDITURES,Grants and Contracts,Local,NA
4323397,vlcm,Duchesne County,309,2018,54247.77,21,40060300,Grants and Contracts - Local,EXPENDITURES,Grants and Contracts,Local,NA
4384973,hildale city,Washington County,349,2018,37687.59,12,40060300,Grants and Contracts - Local,EXPENDITURES,Grants and Contracts,Local,NA
4384973,hildale city,Washington County,349,2019,34368.24,11,40060300,Grants and Contracts - Local,EXPENDITURES,Grants and Contracts,Local,NA
4384975,laverkin city,Washington County,349,2018,59763.6,12,40060300,Grants and Contracts - Local,EXPENDITURES,Grants and Contracts,Local,NA
4384975,laverkin city,Washington County,349,2019,56276.97,11,40060300,Grants and Contracts - Local,EXPENDITURES,Grants and Contracts,Local,NA
4407941,southeast utah community dev corp,Carbon County,303,2018,277500,2,40060200,Grants and Contracts - State,EXPENDITURES,Grants and Contracts,State,NA
4407941,southeast utah community dev corp,Carbon County,303,2019,140000,1,40060200,Grants and Contracts - State,EXPENDITURES,Grants and Contracts,State,NA
4450003,parowan city corporation,Iron County,317,2019,54000,3,40060300,Grants and Contracts - Local,EXPENDITURES,Grants and Contracts,Local,NA
4451905,utah shakespearean festival,Iron County,317,2019,63000,1,40060400,Grants and Contracts - Private,EXPENDITURES,Grants and Contracts,Private,NA
4716169,basin law pllc,Duchesne County,309,2019,27375,14,40060300,Grants and Contracts - Local,EXPENDITURES,Grants and Contracts,Local,NA
4716187,uintah basin assoc of governments,Duchesne County,309,2018,255000,3,40060300,Grants and Contracts - Local,EXPENDITURES,Grants and Contracts,Local,NA
4716187,uintah basin assoc of governments,Duchesne County,309,2019,250000,3,40060300,Grants and Contracts - Local,EXPENDITURES,Grants and Contracts,Local,NA
4773981,hei security,Duchesne County,309,2018,64648.3,25,40060300,Grants and Contracts - Local,EXPENDITURES,Grants and Contracts,Local,NA
4794893,parr brown gee  loveless,Grand County,315,2018,397947.67,44,40060000,Grants and Contracts,EXPENDITURES,Grants and Contracts,NA,NA
4921985,davis metro narcotics strike force,Davis County,307,2018,35932.85,18,30030101,Intergovernmental - Federal - Operating Grants,REVENUES,Intergovernmental,Federal,Operating Grants
4922029,utah state dept of health,Davis County,307,2018,680726.51,53,30030101,Intergovernmental - Federal - Operating Grants,REVENUES,Intergovernmental,Federal,Operating Grants
4922323,lewis bus group,Davis County,307,2018,53902.08,1,40060200,Grants and Contracts - State,EXPENDITURES,Grants and Contracts,State,NA
4922853,hansen jon,Davis County,307,2018,200990.22,217,40060000,Grants and Contracts,EXPENDITURES,Grants and Contracts,NA,NA
4922877,south davis metro fire agency,Davis County,307,2018,364727,3,40060000,Grants and Contracts,EXPENDITURES,Grants and Contracts,NA,NA
4941807,st george musical theater,Washington County,349,2019,32500,1,40060300,Grants and Contracts - Local,EXPENDITURES,Grants and Contracts,Local,NA
4941813,southwest symphony orchestra,Washington County,349,2018,40500,1,40060300,Grants and Contracts - Local,EXPENDITURES,Grants and Contracts,Local,NA
4941813,southwest symphony orchestra,Washington County,349,2019,40000,1,40060300,Grants and Contracts - Local,EXPENDITURES,Grants and Contracts,Local,NA
4941815,southern utah heritage choir,Washington County,349,2018,33000,1,40060300,Grants and Contracts - Local,EXPENDITURES,Grants and Contracts,Local,NA
4941815,southern utah heritage choir,Washington County,349,2019,40000,1,40060300,Grants and Contracts - Local,EXPENDITURES,Grants and Contracts,Local,NA
4996627,utah dept of public safety,Carbon County,303,2018,230882.5,2,40060200,Grants and Contracts - State,EXPENDITURES,Grants and Contracts,State,NA
4996627,utah dept of public safety,Carbon County,303,2019,118429,1,40060200,Grants and Contracts - State,EXPENDITURES,Grants and Contracts,State,NA
5058247,utah state office of crimevictim reparations,Davis County,307,2018,53147.38,2,30030101,Intergovernmental - Federal - Operating Grants,REVENUES,Intergovernmental,Federal,Operating Grants
5058249,utah attorney generals officecjc,Davis County,307,2018,153787.77,3,30030101,Intergovernmental - Federal - Operating Grants,REVENUES,Intergovernmental,Federal,Operating Grants
5062817,davis conference center,Davis County,307,2018,43711.81,6,40060400,Grants and Contracts - Private,EXPENDITURES,Grants and Contracts,Private,NA
5086805,rocky mountain power,Beaver County,297,2019,530000,2,40060000,Grants and Contracts,EXPENDITURES,Grants and Contracts,NA,NA
5138885,performance ford bountiful,Tooele County,341,2018,31241,4,40060200,Grants and Contracts - State,EXPENDITURES,Grants and Contracts,State,NA
5404269,straight stripe painting inc,Garfield County,313,2019,200155.72,4,40060000,Grants and Contracts,EXPENDITURES,Grants and Contracts,NA,NA
5413761,egyptian theatre,Summit County,339,2018,64800,1,40060000,Grants and Contracts,EXPENDITURES,Grants and Contracts,NA,NA
5413761,egyptian theatre,Summit County,339,2019,73000,1,40060000,Grants and Contracts,EXPENDITURES,Grants and Contracts,NA,NA
5459802,special electronics consultants,Summit County,339,2019,26384,4,40060000,Grants and Contracts,EXPENDITURES,Grants and Contracts,NA,NA
5477482,comm on criminal  juvenile justice,Davis County,307,2018,50000,2,30030101,Intergovernmental - Federal - Operating Grants,REVENUES,Intergovernmental,Federal,Operating Grants
5477973,utah transit authority,Davis County,307,2018,72506.04,1,40060300,Grants and Contracts - Local,EXPENDITURES,Grants and Contracts,Local,NA
5494888,trane us inc,Duchesne County,309,2018,50266.53,1,40060400,Grants and Contracts - Private,EXPENDITURES,Grants and Contracts,Private,NA
5495133,lyle young welding,Sanpete County,335,2018,135799.03,6,40060200,Grants and Contracts - State,EXPENDITURES,Grants and Contracts,State,NA
5523012,rainbow sign  design inc,Beaver County,297,2019,29012.82,3,40060000,Grants and Contracts,EXPENDITURES,Grants and Contracts,NA,NA
5548102,bowen collins  associates inc,Washington County,349,2018,233076.28,11,40060100,Grants and Contracts - Federal,EXPENDITURES,Grants and Contracts,Federal,NA
5548102,bowen collins  associates inc,Washington County,349,2019,556577.13,14,40060100,Grants and Contracts - Federal,EXPENDITURES,Grants and Contracts,Federal,NA
5604379,system service specialist,Davis County,307,2018,27898.5,76,40060000,Grants and Contracts,EXPENDITURES,Grants and Contracts,NA,NA
5604834,skywest airlines inc,Washington County,349,2018,225000,3,40060400,Grants and Contracts - Private,EXPENDITURES,Grants and Contracts,Private,NA
5604834,skywest airlines inc,Washington County,349,2019,105354.09,2,40060400,Grants and Contracts - Private,EXPENDITURES,Grants and Contracts,Private,NA
5639024,cornerstore inc,Grand County,315,2018,32300,2,40060000,Grants and Contracts,EXPENDITURES,Grants and Contracts,NA,NA
5717961,not provided,Duchesne County,309,2018,2022989,1,30030101,Intergovernmental - Federal - Operating Grants,REVENUES,Intergovernmental,Federal,Operating Grants
5717961,not provided,Duchesne County,309,2018,1233821.11,330,30030201,Intergovernmental - State  - Operating Grants,REVENUES,Intergovernmental,State,Operating Grants
5717961,not provided,Duchesne County,309,2018,740786.64,366,30030301,Intergovernmental - Local  - Operating Grants,REVENUES,Intergovernmental,Local,Operating Grants
5717961,not provided,Duchesne County,309,2019,2068619,1,30030101,Intergovernmental - Federal - Operating Grants,REVENUES,Intergovernmental,Federal,Operating Grants
5717961,not provided,Duchesne County,309,2019,699110.91,324,30030201,Intergovernmental - State  - Operating Grants,REVENUES,Intergovernmental,State,Operating Grants
5717961,not provided,Duchesne County,309,2019,333431.81,330,30030301,Intergovernmental - Local  - Operating Grants,REVENUES,Intergovernmental,Local,Operating Grants
5717987,geoff liesik communications,Duchesne County,309,2018,25100,14,40060300,Grants and Contracts - Local,EXPENDITURES,Grants and Contracts,Local,NA
5745533,not applicable,Davis County,307,2018,109173.97,17,40060000,Grants and Contracts,EXPENDITURES,Grants and Contracts,NA,NA
5745533,not applicable,Davis County,307,2018,34768.02,32,40060400,Grants and Contracts - Private,EXPENDITURES,Grants and Contracts,Private,NA
5745545,no vendor,Davis County,307,2018,2990058.29,85,30030101,Intergovernmental - Federal - Operating Grants,REVENUES,Intergovernmental,Federal,Operating Grants
5745568,not provided,Davis County,307,2018,158727.61,61,30030101,Intergovernmental - Federal - Operating Grants,REVENUES,Intergovernmental,Federal,Operating Grants
5745568,not provided,Davis County,307,2018,503039.43,1,30030201,Intergovernmental - State  - Operating Grants,REVENUES,Intergovernmental,State,Operating Grants
5745568,not provided,Davis County,307,2018,50000,1,30061200,Miscellaneous  - Private Grants,REVENUES,Miscellaneous,Private Grants,NA
5745568,not provided,Davis County,307,2019,6513777.64,383,30030101,Intergovernmental - Federal - Operating Grants,REVENUES,Intergovernmental,Federal,Operating Grants
5745568,not provided,Davis County,307,2019,1132874.97,132,30030201,Intergovernmental - State  - Operating Grants,REVENUES,Intergovernmental,State,Operating Grants
5745568,not provided,Davis County,307,2019,70662.5,3,30061200,Miscellaneous  - Private Grants,REVENUES,Miscellaneous,Private Grants,NA
5745568,not provided,Davis County,307,2019,1573437.64,20,40060300,Grants and Contracts - Local,EXPENDITURES,Grants and Contracts,Local,NA
5747411,layton city,Davis County,307,2019,25464,2,40060300,Grants and Contracts - Local,EXPENDITURES,Grants and Contracts,Local,NA
5772069,not provided,Weber County,353,2018,489351.33,22,40060300,Grants and Contracts - Local,EXPENDITURES,Grants and Contracts,Local,NA
5772260,huntsville town corporation,Weber County,353,2018,60641,3,40060300,Grants and Contracts - Local,EXPENDITURES,Grants and Contracts,Local,NA
5772409,roy city,Weber County,353,2018,365775,8,40060300,Grants and Contracts - Local,EXPENDITURES,Grants and Contracts,Local,NA
5772409,roy city,Weber County,353,2019,60701,6,40060300,Grants and Contracts - Local,EXPENDITURES,Grants and Contracts,Local,NA
5772448,ogden city corporation,Weber County,353,2018,446545.85,11,40060300,Grants and Contracts - Local,EXPENDITURES,Grants and Contracts,Local,NA
5772448,ogden city corporation,Weber County,353,2019,455345,9,40060300,Grants and Contracts - Local,EXPENDITURES,Grants and Contracts,Local,NA
5772449,pleasant view city corp,Weber County,353,2018,291220.5,4,40060300,Grants and Contracts - Local,EXPENDITURES,Grants and Contracts,Local,NA
5772449,pleasant view city corp,Weber County,353,2019,126471.28,3,40060300,Grants and Contracts - Local,EXPENDITURES,Grants and Contracts,Local,NA
5772451,south ogden city corporation,Weber County,353,2018,90337,6,40060300,Grants and Contracts - Local,EXPENDITURES,Grants and Contracts,Local,NA
5772481,utah state university,Weber County,353,2019,55407,3,40060300,Grants and Contracts - Local,EXPENDITURES,Grants and Contracts,Local,NA
5772492,ogden valley balloon festival inc,Weber County,353,2019,30000,1,40060300,Grants and Contracts - Local,EXPENDITURES,Grants and Contracts,Local,NA
5772494,weber school district,Weber County,353,2018,125000,2,40060300,Grants and Contracts - Local,EXPENDITURES,Grants and Contracts,Local,NA
5772495,weber state university,Weber County,353,2018,74579,2,40060300,Grants and Contracts - Local,EXPENDITURES,Grants and Contracts,Local,NA
5772495,weber state university,Weber County,353,2019,101850,5,40060300,Grants and Contracts - Local,EXPENDITURES,Grants and Contracts,Local,NA
5772496,ogden downtown alliance,Weber County,353,2018,38000,2,40060300,Grants and Contracts - Local,EXPENDITURES,Grants and Contracts,Local,NA
5772496,ogden downtown alliance,Weber County,353,2019,191700,3,40060300,Grants and Contracts - Local,EXPENDITURES,Grants and Contracts,Local,NA
5773136,wasatch front regional council,Weber County,353,2018,72510,2,40060300,Grants and Contracts - Local,EXPENDITURES,Grants and Contracts,Local,NA
5773136,wasatch front regional council,Weber County,353,2019,68861,1,40060300,Grants and Contracts - Local,EXPENDITURES,Grants and Contracts,Local,NA
5835104,not provided,Daggett County,305,2018,41764.86,5,30030101,Intergovernmental - Federal - Operating Grants,REVENUES,Intergovernmental,Federal,Operating Grants
5835104,not provided,Daggett County,305,2018,151771.31,3,30030201,Intergovernmental - State  - Operating Grants,REVENUES,Intergovernmental,State,Operating Grants
5835104,not provided,Daggett County,305,2019,145086.16,25,30030201,Intergovernmental - State  - Operating Grants,REVENUES,Intergovernmental,State,Operating Grants
5835104,not provided,Daggett County,305,2019,45000,1,30030202,Intergovernmental - State  - Capital Grants,REVENUES,Intergovernmental,State,Capital Grants
5835104,not provided,Daggett County,305,2019,444790.21,14,30030301,Intergovernmental - Local  - Operating Grants,REVENUES,Intergovernmental,Local,Operating Grants
5866934,keystone group llc,Davis County,307,2018,272494,86,40060000,Grants and Contracts,EXPENDITURES,Grants and Contracts,NA,NA
5872257,smith mary christa,Summit County,339,2018,65664.4,21,40060000,Grants and Contracts,EXPENDITURES,Grants and Contracts,NA,NA
5872257,smith mary christa,Summit County,339,2019,50534.4,16,40060000,Grants and Contracts,EXPENDITURES,Grants and Contracts,NA,NA
5877743,ogden pioneer heritage foundation,Weber County,353,2018,30000,2,40060300,Grants and Contracts - Local,EXPENDITURES,Grants and Contracts,Local,NA
5877743,ogden pioneer heritage foundation,Weber County,353,2019,50000,2,40060300,Grants and Contracts - Local,EXPENDITURES,Grants and Contracts,Local,NA
5877762,hooper city,Weber County,353,2018,29466,3,40060300,Grants and Contracts - Local,EXPENDITURES,Grants and Contracts,Local,NA
5877762,hooper city,Weber County,353,2019,33576,5,40060300,Grants and Contracts - Local,EXPENDITURES,Grants and Contracts,Local,NA
5884884,aces full of lawn care llc,Salt Lake County,331,2018,99552,25,40060100,Grants and Contracts - Federal,EXPENDITURES,Grants and Contracts,Federal,NA
5884884,aces full of lawn care llc,Salt Lake County,331,2019,106174.5,29,40060100,Grants and Contracts - Federal,EXPENDITURES,Grants and Contracts,Federal,NA
5884897,us bank national association,Salt Lake County,331,2019,32052.4,87,40060100,Grants and Contracts - Federal,EXPENDITURES,Grants and Contracts,Federal,NA
5887395,bach harrison llc,Salt Lake County,331,2018,79575.14,19,40060100,Grants and Contracts - Federal,EXPENDITURES,Grants and Contracts,Federal,NA
5887395,bach harrison llc,Salt Lake County,331,2019,54050,12,40060100,Grants and Contracts - Federal,EXPENDITURES,Grants and Contracts,Federal,NA
5887406,bluffdale city,Salt Lake County,331,2018,526686,2,40060100,Grants and Contracts - Federal,EXPENDITURES,Grants and Contracts,Federal,NA
5887406,bluffdale city,Salt Lake County,331,2019,555531.73,4,40060100,Grants and Contracts - Federal,EXPENDITURES,Grants and Contracts,Federal,NA
5887438,clinical consultants llc,Salt Lake County,331,2018,1154774.66,102,40060100,Grants and Contracts - Federal,EXPENDITURES,Grants and Contracts,Federal,NA
5887438,clinical consultants llc,Salt Lake County,331,2019,942109.2,108,40060100,Grants and Contracts - Federal,EXPENDITURES,Grants and Contracts,Federal,NA
5887494,foundation for family life of utah,Salt Lake County,331,2019,107627,15,40060100,Grants and Contracts - Federal,EXPENDITURES,Grants and Contracts,Federal,NA
5887497,fort union family dental,Salt Lake County,331,2018,60737,23,40060100,Grants and Contracts - Federal,EXPENDITURES,Grants and Contracts,Federal,NA
5887497,fort union family dental,Salt Lake County,331,2019,89033,31,40060100,Grants and Contracts - Federal,EXPENDITURES,Grants and Contracts,Federal,NA
5887527,the haven,Salt Lake County,331,2018,79414.44,26,40060100,Grants and Contracts - Federal,EXPENDITURES,Grants and Contracts,Federal,NA
5887527,the haven,Salt Lake County,331,2019,207241.2,24,40060100,Grants and Contracts - Federal,EXPENDITURES,Grants and Contracts,Federal,NA
5887543,h w lochner inc,Salt Lake County,331,2018,229544.96,7,40060100,Grants and Contracts - Federal,EXPENDITURES,Grants and Contracts,Federal,NA
5887543,h w lochner inc,Salt Lake County,331,2019,38445.76,2,40060100,Grants and Contracts - Federal,EXPENDITURES,Grants and Contracts,Federal,NA
5887597,kostopulos dream foundation inc,Salt Lake County,331,2018,50000,1,40060100,Grants and Contracts - Federal,EXPENDITURES,Grants and Contracts,Federal,NA
5887658,neighborworks salt lake,Salt Lake County,331,2018,80282.15,13,40060100,Grants and Contracts - Federal,EXPENDITURES,Grants and Contracts,Federal,NA
5887658,neighborworks salt lake,Salt Lake County,331,2019,98102.21,17,40060100,Grants and Contracts - Federal,EXPENDITURES,Grants and Contracts,Federal,NA
5887743,riverton city corp,Salt Lake County,331,2019,2801700,4,40060100,Grants and Contracts - Federal,EXPENDITURES,Grants and Contracts,Federal,NA
5887844,salt lake legal defender assoc,Salt Lake County,331,2018,74291,2,40060100,Grants and Contracts - Federal,EXPENDITURES,Grants and Contracts,Federal,NA
5887844,salt lake legal defender assoc,Salt Lake County,331,2019,71845,2,40060100,Grants and Contracts - Federal,EXPENDITURES,Grants and Contracts,Federal,NA
5887849,salt lake valley habitat for,Salt Lake County,331,2018,540280.55,65,40060100,Grants and Contracts - Federal,EXPENDITURES,Grants and Contracts,Federal,NA
5887849,salt lake valley habitat for,Salt Lake County,331,2019,269746.29,15,40060100,Grants and Contracts - Federal,EXPENDITURES,Grants and Contracts,Federal,NA
5887887,sober living properties llc,Salt Lake County,331,2018,160322,18,40060100,Grants and Contracts - Federal,EXPENDITURES,Grants and Contracts,Federal,NA
5887887,sober living properties llc,Salt Lake County,331,2019,364953,16,40060100,Grants and Contracts - Federal,EXPENDITURES,Grants and Contracts,Federal,NA
5888425,boys  girls club of greater slc,Salt Lake County,331,2018,114576.09,14,40060100,Grants and Contracts - Federal,EXPENDITURES,Grants and Contracts,Federal,NA
5888425,boys  girls club of greater slc,Salt Lake County,331,2019,96221.81,14,40060100,Grants and Contracts - Federal,EXPENDITURES,Grants and Contracts,Federal,NA
5889031,neighborhood housing services,Salt Lake County,331,2018,28156.87,1,40060100,Grants and Contracts - Federal,EXPENDITURES,Grants and Contracts,Federal,NA
5889046,odyssey house of utah inc,Salt Lake County,331,2018,3921681.55,192,40060100,Grants and Contracts - Federal,EXPENDITURES,Grants and Contracts,Federal,NA
5889046,odyssey house of utah inc,Salt Lake County,331,2019,3163919.19,138,40060100,Grants and Contracts - Federal,EXPENDITURES,Grants and Contracts,Federal,NA
5889223,utah support advocates for recovery,Salt Lake County,331,2019,34297.24,12,40060100,Grants and Contracts - Federal,EXPENDITURES,Grants and Contracts,Federal,NA
5889231,volunteers of america,Salt Lake County,331,2018,4520379.05,174,40060100,Grants and Contracts - Federal,EXPENDITURES,Grants and Contracts,Federal,NA
5889231,volunteers of america,Salt Lake County,331,2019,3965520.71,146,40060100,Grants and Contracts - Federal,EXPENDITURES,Grants and Contracts,Federal,NA
5889234,wasatch front regional council,Salt Lake County,331,2019,100000,1,40060100,Grants and Contracts - Federal,EXPENDITURES,Grants and Contracts,Federal,NA
5889255,ywca utah,Salt Lake County,331,2018,75097.48,15,40060100,Grants and Contracts - Federal,EXPENDITURES,Grants and Contracts,Federal,NA
5889255,ywca utah,Salt Lake County,331,2019,96808.94,16,40060100,Grants and Contracts - Federal,EXPENDITURES,Grants and Contracts,Federal,NA
5889312,catholic community services,Salt Lake County,331,2018,132783.17,7,40060100,Grants and Contracts - Federal,EXPENDITURES,Grants and Contracts,Federal,NA
5889331,utah transit authority,Salt Lake County,331,2018,447974,2,40060100,Grants and Contracts - Federal,EXPENDITURES,Grants and Contracts,Federal,NA
5889331,utah transit authority,Salt Lake County,331,2019,522035.6,3,40060100,Grants and Contracts - Federal,EXPENDITURES,Grants and Contracts,Federal,NA
5889376,cottonwood heights,Salt Lake County,331,2018,940468.16,4,40060100,Grants and Contracts - Federal,EXPENDITURES,Grants and Contracts,Federal,NA
5889376,cottonwood heights,Salt Lake County,331,2019,990787.29,4,40060100,Grants and Contracts - Federal,EXPENDITURES,Grants and Contracts,Federal,NA
5889383,granite school district,Salt Lake County,331,2018,94782.8,13,40060100,Grants and Contracts - Federal,EXPENDITURES,Grants and Contracts,Federal,NA
5889383,granite school district,Salt Lake County,331,2019,75237.96,14,40060100,Grants and Contracts - Federal,EXPENDITURES,Grants and Contracts,Federal,NA
5889394,united behavioral health,Salt Lake County,331,2018,66781592.18,26,40060100,Grants and Contracts - Federal,EXPENDITURES,Grants and Contracts,Federal,NA
5889394,united behavioral health,Salt Lake County,331,2019,66096660,26,40060100,Grants and Contracts - Federal,EXPENDITURES,Grants and Contracts,Federal,NA
5889397,valley mental health inc,Salt Lake County,331,2018,3987902.28,254,40060100,Grants and Contracts - Federal,EXPENDITURES,Grants and Contracts,Federal,NA
5889397,valley mental health inc,Salt Lake County,331,2019,3128208.56,185,40060100,Grants and Contracts - Federal,EXPENDITURES,Grants and Contracts,Federal,NA
5889399,zions first national bank,Salt Lake County,331,2018,4500000,1,40060100,Grants and Contracts - Federal,EXPENDITURES,Grants and Contracts,Federal,NA
5889409,draper city,Salt Lake County,331,2018,4000000,1,40060100,Grants and Contracts - Federal,EXPENDITURES,Grants and Contracts,Federal,NA
5889409,draper city,Salt Lake County,331,2019,5575799.21,1,40060100,Grants and Contracts - Federal,EXPENDITURES,Grants and Contracts,Federal,NA
5889411,herriman city,Salt Lake County,331,2018,1131900,1,40060100,Grants and Contracts - Federal,EXPENDITURES,Grants and Contracts,Federal,NA
5889411,herriman city,Salt Lake County,331,2019,1315818.89,1,40060100,Grants and Contracts - Federal,EXPENDITURES,Grants and Contracts,Federal,NA
5889412,holladay city,Salt Lake County,331,2018,43627.1,1,40060100,Grants and Contracts - Federal,EXPENDITURES,Grants and Contracts,Federal,NA
5889412,holladay city,Salt Lake County,331,2019,164831.56,1,40060100,Grants and Contracts - Federal,EXPENDITURES,Grants and Contracts,Federal,NA
5889424,midvale city corp,Salt Lake County,331,2018,2075991.38,6,40060100,Grants and Contracts - Federal,EXPENDITURES,Grants and Contracts,Federal,NA
5889424,midvale city corp,Salt Lake County,331,2019,5050000,12,40060100,Grants and Contracts - Federal,EXPENDITURES,Grants and Contracts,Federal,NA
5889427,murray city,Salt Lake County,331,2018,53570.64,1,40060100,Grants and Contracts - Federal,EXPENDITURES,Grants and Contracts,Federal,NA
5889427,murray city,Salt Lake County,331,2019,26613.98,2,40060100,Grants and Contracts - Federal,EXPENDITURES,Grants and Contracts,Federal,NA
5889429,sandy city,Salt Lake County,331,2019,2827927.87,2,40060100,Grants and Contracts - Federal,EXPENDITURES,Grants and Contracts,Federal,NA
5889433,salt lake city school district,Salt Lake County,331,2019,28533.65,10,40060100,Grants and Contracts - Federal,EXPENDITURES,Grants and Contracts,Federal,NA
5889434,housing authority of the co of salt lake,Salt Lake County,331,2018,1553596.64,119,40060100,Grants and Contracts - Federal,EXPENDITURES,Grants and Contracts,Federal,NA
5889434,housing authority of the co of salt lake,Salt Lake County,331,2019,243966.17,10,40060100,Grants and Contracts - Federal,EXPENDITURES,Grants and Contracts,Federal,NA
5889435,south jordan city,Salt Lake County,331,2019,4302044.62,2,40060100,Grants and Contracts - Federal,EXPENDITURES,Grants and Contracts,Federal,NA
5889436,south salt lake city,Salt Lake County,331,2018,192779.99,28,40060100,Grants and Contracts - Federal,EXPENDITURES,Grants and Contracts,Federal,NA
5889436,south salt lake city,Salt Lake County,331,2019,1002013.95,35,40060100,Grants and Contracts - Federal,EXPENDITURES,Grants and Contracts,Federal,NA
5889437,state of utah,Salt Lake County,331,2018,239912,16,40060100,Grants and Contracts - Federal,EXPENDITURES,Grants and Contracts,Federal,NA
5889437,state of utah,Salt Lake County,331,2019,253178.42,21,40060100,Grants and Contracts - Federal,EXPENDITURES,Grants and Contracts,Federal,NA
5889440,university of utah hospitals,Salt Lake County,331,2018,1659990.11,74,40060100,Grants and Contracts - Federal,EXPENDITURES,Grants and Contracts,Federal,NA
5889440,university of utah hospitals,Salt Lake County,331,2019,1712432.71,62,40060100,Grants and Contracts - Federal,EXPENDITURES,Grants and Contracts,Federal,NA
5889444,university of utah,Salt Lake County,331,2018,39999.9,12,40060100,Grants and Contracts - Federal,EXPENDITURES,Grants and Contracts,Federal,NA
5889444,university of utah,Salt Lake County,331,2019,34353.78,11,40060100,Grants and Contracts - Federal,EXPENDITURES,Grants and Contracts,Federal,NA
5889447,refugee and immigrant center,Salt Lake County,331,2018,132934.65,24,40060100,Grants and Contracts - Federal,EXPENDITURES,Grants and Contracts,Federal,NA
5889447,refugee and immigrant center,Salt Lake County,331,2019,177802.2,35,40060100,Grants and Contracts - Federal,EXPENDITURES,Grants and Contracts,Federal,NA
5889452,utah state university,Salt Lake County,331,2018,40607.29,11,40060100,Grants and Contracts - Federal,EXPENDITURES,Grants and Contracts,Federal,NA
5889453,fourth street clinic,Salt Lake County,331,2018,34569.91,9,40060100,Grants and Contracts - Federal,EXPENDITURES,Grants and Contracts,Federal,NA
5889453,fourth street clinic,Salt Lake County,331,2019,26599.4,8,40060100,Grants and Contracts - Federal,EXPENDITURES,Grants and Contracts,Federal,NA
5889455,west jordan city,Salt Lake County,331,2018,1590907.5,5,40060100,Grants and Contracts - Federal,EXPENDITURES,Grants and Contracts,Federal,NA
5889455,west jordan city,Salt Lake County,331,2019,2668415.06,3,40060100,Grants and Contracts - Federal,EXPENDITURES,Grants and Contracts,Federal,NA
5889457,west valley city,Salt Lake County,331,2018,1182644.08,21,40060100,Grants and Contracts - Federal,EXPENDITURES,Grants and Contracts,Federal,NA
5889457,west valley city,Salt Lake County,331,2019,2647558.52,13,40060100,Grants and Contracts - Federal,EXPENDITURES,Grants and Contracts,Federal,NA
5889470,community development corp of,Salt Lake County,331,2018,349282.96,44,40060100,Grants and Contracts - Federal,EXPENDITURES,Grants and Contracts,Federal,NA
5889470,community development corp of,Salt Lake County,331,2019,752232.67,40,40060100,Grants and Contracts - Federal,EXPENDITURES,Grants and Contracts,Federal,NA
5889490,taylorsville city,Salt Lake County,331,2018,30000,10,40060100,Grants and Contracts - Federal,EXPENDITURES,Grants and Contracts,Federal,NA
5889490,taylorsville city,Salt Lake County,331,2019,25391.65,7,40060100,Grants and Contracts - Federal,EXPENDITURES,Grants and Contracts,Federal,NA
5889493,kenyon consulting,Salt Lake County,331,2018,130125,478,40060100,Grants and Contracts - Federal,EXPENDITURES,Grants and Contracts,Federal,NA
5889493,kenyon consulting,Salt Lake County,331,2019,116209.47,324,40060100,Grants and Contracts - Federal,EXPENDITURES,Grants and Contracts,Federal,NA
5889519,guadalupe educational programs,Salt Lake County,331,2018,39525.22,12,40060100,Grants and Contracts - Federal,EXPENDITURES,Grants and Contracts,Federal,NA
5889519,guadalupe educational programs,Salt Lake County,331,2019,36094.86,10,40060100,Grants and Contracts - Federal,EXPENDITURES,Grants and Contracts,Federal,NA
5889528,arbor park associates llc,Salt Lake County,331,2018,42422.7,1,40060100,Grants and Contracts - Federal,EXPENDITURES,Grants and Contracts,Federal,NA
5889646,mb construction,Salt Lake County,331,2018,230770,42,40060100,Grants and Contracts - Federal,EXPENDITURES,Grants and Contracts,Federal,NA
5889646,mb construction,Salt Lake County,331,2019,292215,40,40060100,Grants and Contracts - Federal,EXPENDITURES,Grants and Contracts,Federal,NA
5889710,maddox construction,Salt Lake County,331,2018,165755,44,40060100,Grants and Contracts - Federal,EXPENDITURES,Grants and Contracts,Federal,NA
5889710,maddox construction,Salt Lake County,331,2019,248375,30,40060100,Grants and Contracts - Federal,EXPENDITURES,Grants and Contracts,Federal,NA
5889888,terracon consultants inc,Salt Lake County,331,2018,149239.9,13,40060100,Grants and Contracts - Federal,EXPENDITURES,Grants and Contracts,Federal,NA
5889888,terracon consultants inc,Salt Lake County,331,2019,69250.07,7,40060100,Grants and Contracts - Federal,EXPENDITURES,Grants and Contracts,Federal,NA
5889891,rr partners inc,Salt Lake County,331,2019,40000,2,40060100,Grants and Contracts - Federal,EXPENDITURES,Grants and Contracts,Federal,NA
5889942,university of utah neuropsychiatric inst,Salt Lake County,331,2018,1344060.69,74,40060100,Grants and Contracts - Federal,EXPENDITURES,Grants and Contracts,Federal,NA
5889942,university of utah neuropsychiatric inst,Salt Lake County,331,2019,1235670.3,60,40060100,Grants and Contracts - Federal,EXPENDITURES,Grants and Contracts,Federal,NA
5890140,a1 abatement,Salt Lake County,331,2018,31241.84,25,40060100,Grants and Contracts - Federal,EXPENDITURES,Grants and Contracts,Federal,NA
5890342,preservation painting,Salt Lake County,331,2018,77025,18,40060100,Grants and Contracts - Federal,EXPENDITURES,Grants and Contracts,Federal,NA
5890408,weber county,Salt Lake County,331,2018,346754.53,8,40060100,Grants and Contracts - Federal,EXPENDITURES,Grants and Contracts,Federal,NA
5890714,shelter the homeless inc,Salt Lake County,331,2019,1849999.96,4,40060100,Grants and Contracts - Federal,EXPENDITURES,Grants and Contracts,Federal,NA
5890743,tooele county sheriffs office,Salt Lake County,331,2018,717964,12,40060100,Grants and Contracts - Federal,EXPENDITURES,Grants and Contracts,Federal,NA
5890743,tooele county sheriffs office,Salt Lake County,331,2019,304616,5,40060100,Grants and Contracts - Federal,EXPENDITURES,Grants and Contracts,Federal,NA
5890814,community education partnership of west,Salt Lake County,331,2018,33098.44,11,40060100,Grants and Contracts - Federal,EXPENDITURES,Grants and Contracts,Federal,NA
5890814,community education partnership of west,Salt Lake County,331,2019,28158.53,8,40060100,Grants and Contracts - Federal,EXPENDITURES,Grants and Contracts,Federal,NA
5890832,davis county government,Salt Lake County,331,2018,1111396,7,40060100,Grants and Contracts - Federal,EXPENDITURES,Grants and Contracts,Federal,NA
5890833,cache county corporation,Salt Lake County,331,2018,666276,12,40060100,Grants and Contracts - Federal,EXPENDITURES,Grants and Contracts,Federal,NA
5890833,cache county corporation,Salt Lake County,331,2019,261284,11,40060100,Grants and Contracts - Federal,EXPENDITURES,Grants and Contracts,Federal,NA
5890837,uintah county,Salt Lake County,331,2018,623926.7,14,40060100,Grants and Contracts - Federal,EXPENDITURES,Grants and Contracts,Federal,NA
5890837,uintah county,Salt Lake County,331,2019,777859,12,40060100,Grants and Contracts - Federal,EXPENDITURES,Grants and Contracts,Federal,NA
5890985,central wasatch commission,Salt Lake County,331,2018,200000,1,40060100,Grants and Contracts - Federal,EXPENDITURES,Grants and Contracts,Federal,NA
5895672,american west heritage,Cache County,301,2018,75000,1,40060300,Grants and Contracts - Local,EXPENDITURES,Grants and Contracts,Local,NA
5895672,american west heritage,Cache County,301,2019,80000,1,40060300,Grants and Contracts - Local,EXPENDITURES,Grants and Contracts,Local,NA
5904637,bae urdan economics inc,Grand County,315,2018,35785.1,4,40060000,Grants and Contracts,EXPENDITURES,Grants and Contracts,NA,NA
5916686,dept of natural resources,Iron County,317,2019,70234.75,1,40060200,Grants and Contracts - State,EXPENDITURES,Grants and Contracts,State,NA
5924177,grand staircase escalante partners,Garfield County,313,2019,65100,1,40060200,Grants and Contracts - State,EXPENDITURES,Grants and Contracts,State,NA
5952802,tri county health departme,Uintah County,343,2018,74738.36,35,30030101,Intergovernmental - Federal - Operating Grants,REVENUES,Intergovernmental,Federal,Operating Grants
5952831,state of utah,Uintah County,343,2018,42500,1,30030201,Intergovernmental - State  - Operating Grants,REVENUES,Intergovernmental,State,Operating Grants
5952856,state of utah,Uintah County,343,2018,2290180.8,1,30030202,Intergovernmental - State  - Capital Grants,REVENUES,Intergovernmental,State,Capital Grants
5953165,vernal city,Uintah County,343,2018,50000,1,30030301,Intergovernmental - Local  - Operating Grants,REVENUES,Intergovernmental,Local,Operating Grants
5953166,state of utah,Uintah County,343,2018,80456.45,3,30030202,Intergovernmental - State  - Capital Grants,REVENUES,Intergovernmental,State,Capital Grants
5953196,tri county health departme,Uintah County,343,2018,128237.95,30,30030101,Intergovernmental - Federal - Operating Grants,REVENUES,Intergovernmental,Federal,Operating Grants
5953308,state of utah,Uintah County,343,2018,599336.17,5,30030202,Intergovernmental - State  - Capital Grants,REVENUES,Intergovernmental,State,Capital Grants
5953481,state of utah,Uintah County,343,2018,34750,3,30030202,Intergovernmental - State  - Capital Grants,REVENUES,Intergovernmental,State,Capital Grants
5953656,tri county health departme,Uintah County,343,2018,126447.79,34,30030101,Intergovernmental - Federal - Operating Grants,REVENUES,Intergovernmental,Federal,Operating Grants
5962453,njc excavation,Garfield County,313,2018,30000,2,40060200,Grants and Contracts - State,EXPENDITURES,Grants and Contracts,State,NA
5966221,economic development corp of utah,Davis County,307,2018,31500,2,40060000,Grants and Contracts,EXPENDITURES,Grants and Contracts,NA,NA
5966622,richter7 inc,Davis County,307,2018,260742.01,80,40060000,Grants and Contracts,EXPENDITURES,Grants and Contracts,NA,NA
5970067,utah physicians for a healthy environmen,Salt Lake County,331,2018,48606.32,4,40060100,Grants and Contracts - Federal,EXPENDITURES,Grants and Contracts,Federal,NA
5970067,utah physicians for a healthy environmen,Salt Lake County,331,2019,97263.31,4,40060100,Grants and Contracts - Federal,EXPENDITURES,Grants and Contracts,Federal,NA
5996413,farr west city,Weber County,353,2018,765333.86,6,40060300,Grants and Contracts - Local,EXPENDITURES,Grants and Contracts,Local,NA
5996413,farr west city,Weber County,353,2019,92995,2,40060300,Grants and Contracts - Local,EXPENDITURES,Grants and Contracts,Local,NA
5996414,plain city,Weber County,353,2018,100976,2,40060300,Grants and Contracts - Local,EXPENDITURES,Grants and Contracts,Local,NA
5996468,ogden dinosaur park and museum foundation,Weber County,353,2018,77000,3,40060300,Grants and Contracts - Local,EXPENDITURES,Grants and Contracts,Local,NA
5996468,ogden dinosaur park and museum foundation,Weber County,353,2019,130400,5,40060300,Grants and Contracts - Local,EXPENDITURES,Grants and Contracts,Local,NA
5996471,treehouse childrens museum,Weber County,353,2018,103000,4,40060300,Grants and Contracts - Local,EXPENDITURES,Grants and Contracts,Local,NA
5996471,treehouse childrens museum,Weber County,353,2019,120038,5,40060300,Grants and Contracts - Local,EXPENDITURES,Grants and Contracts,Local,NA
6017485,ogden first inc,Weber County,353,2019,42711,2,40060300,Grants and Contracts - Local,EXPENDITURES,Grants and Contracts,Local,NA
6017557,nurture the creative mind foundation,Weber County,353,2018,51000,5,40060300,Grants and Contracts - Local,EXPENDITURES,Grants and Contracts,Local,NA
6017557,nurture the creative mind foundation,Weber County,353,2019,45000,2,40060300,Grants and Contracts - Local,EXPENDITURES,Grants and Contracts,Local,NA
6017560,good company theater,Weber County,353,2018,27400,2,40060300,Grants and Contracts - Local,EXPENDITURES,Grants and Contracts,Local,NA
6017632,ogden symphony ballet,Weber County,353,2018,100000,1,40060300,Grants and Contracts - Local,EXPENDITURES,Grants and Contracts,Local,NA
6017632,ogden symphony ballet,Weber County,353,2019,90000,1,40060300,Grants and Contracts - Local,EXPENDITURES,Grants and Contracts,Local,NA
6020462,state of utah,Uintah County,343,2018,299154.98,2,30030202,Intergovernmental - State  - Capital Grants,REVENUES,Intergovernmental,State,Capital Grants
6020583,state of utah,Uintah County,343,2018,650705.45,3,30030202,Intergovernmental - State  - Capital Grants,REVENUES,Intergovernmental,State,Capital Grants
6020726,tri county health departme,Uintah County,343,2018,31936.79,11,30030101,Intergovernmental - Federal - Operating Grants,REVENUES,Intergovernmental,Federal,Operating Grants
6020758,tri county health departme,Uintah County,343,2018,94246.76,26,30030101,Intergovernmental - Federal - Operating Grants,REVENUES,Intergovernmental,Federal,Operating Grants
6020803,vernal city,Uintah County,343,2018,50000,1,30030301,Intergovernmental - Local  - Operating Grants,REVENUES,Intergovernmental,Local,Operating Grants
6020872,northeastern counseling ce,Uintah County,343,2018,30000,1,30030101,Intergovernmental - Federal - Operating Grants,REVENUES,Intergovernmental,Federal,Operating Grants
6020954,tri county health departme,Uintah County,343,2018,33668,14,30030101,Intergovernmental - Federal - Operating Grants,REVENUES,Intergovernmental,Federal,Operating Grants
6021042,tri county health departme,Uintah County,343,2018,157719.17,28,30030101,Intergovernmental - Federal - Operating Grants,REVENUES,Intergovernmental,Federal,Operating Grants
6021076,tri county health departme,Uintah County,343,2018,34309.77,4,30030101,Intergovernmental - Federal - Operating Grants,REVENUES,Intergovernmental,Federal,Operating Grants
6021268,state of utah,Uintah County,343,2018,867964.56,6,30030202,Intergovernmental - State  - Capital Grants,REVENUES,Intergovernmental,State,Capital Grants
6021330,ballard city,Uintah County,343,2018,95409.86,1,30030202,Intergovernmental - State  - Capital Grants,REVENUES,Intergovernmental,State,Capital Grants
6021485,tri county health departme,Uintah County,343,2018,94370.82,32,30030101,Intergovernmental - Federal - Operating Grants,REVENUES,Intergovernmental,Federal,Operating Grants
6021500,state of utah,Uintah County,343,2018,929628.71,1,30030202,Intergovernmental - State  - Capital Grants,REVENUES,Intergovernmental,State,Capital Grants
6022952,johansen construction inc,Sanpete County,335,2018,105737.9,1,40060200,Grants and Contracts - State,EXPENDITURES,Grants and Contracts,State,NA
6031019,jf meadowbrook partners,Salt Lake County,331,2018,498850.04,2,40060100,Grants and Contracts - Federal,EXPENDITURES,Grants and Contracts,Federal,NA
6031046,cornell street apartments llc,Salt Lake County,331,2018,200000,2,40060100,Grants and Contracts - Federal,EXPENDITURES,Grants and Contracts,Federal,NA
6041836,victus advisors llc,Davis County,307,2018,60920,5,40060000,Grants and Contracts,EXPENDITURES,Grants and Contracts,NA,NA
6048748,sierra vista stucco inc,Washington County,349,2019,29610,5,40060100,Grants and Contracts - Federal,EXPENDITURES,Grants and Contracts,Federal,NA
6055202,ogden valley parks service area,Weber County,353,2018,30000,1,40060300,Grants and Contracts - Local,EXPENDITURES,Grants and Contracts,Local,NA
6055306,beverlys terrace plaza playhouse,Weber County,353,2018,40000,1,40060300,Grants and Contracts - Local,EXPENDITURES,Grants and Contracts,Local,NA
6055306,beverlys terrace plaza playhouse,Weber County,353,2019,50000,1,40060300,Grants and Contracts - Local,EXPENDITURES,Grants and Contracts,Local,NA
6089842,friends of the moab folk festival,Grand County,315,2018,33400,4,40060000,Grants and Contracts,EXPENDITURES,Grants and Contracts,NA,NA
6090115,bae urban economics inc,Grand County,315,2018,91787.88,10,40060000,Grants and Contracts,EXPENDITURES,Grants and Contracts,NA,NA
6194208,lawn butler llc,Davis County,307,2018,26689.83,5,40060000,Grants and Contracts,EXPENDITURES,Grants and Contracts,NA,NA
6195771,utah division of comprehensive emergency mtg,Davis County,307,2018,49784.03,3,30030101,Intergovernmental - Federal - Operating Grants,REVENUES,Intergovernmental,Federal,Operating Grants
6196224,davis conference center llc,Davis County,307,2018,25005.83,1,40060400,Grants and Contracts - Private,EXPENDITURES,Grants and Contracts,Private,NA
6202130,wells fargo ach,Uintah County,343,2018,3101891,2,30030101,Intergovernmental - Federal - Operating Grants,REVENUES,Intergovernmental,Federal,Operating Grants
6202193,state of utah,Uintah County,343,2018,42500,1,30030201,Intergovernmental - State  - Operating Grants,REVENUES,Intergovernmental,State,Operating Grants
6202250,vernal city,Uintah County,343,2018,50000,1,30030301,Intergovernmental - Local  - Operating Grants,REVENUES,Intergovernmental,Local,Operating Grants
6202315,tri county health departme,Uintah County,343,2018,103870.93,30,30030101,Intergovernmental - Federal - Operating Grants,REVENUES,Intergovernmental,Federal,Operating Grants
6202559,utah communication authori,Uintah County,343,2018,179267.02,1,30030202,Intergovernmental - State  - Capital Grants,REVENUES,Intergovernmental,State,Capital Grants
6202671,tri county health departme,Uintah County,343,2018,30426.5,15,30030101,Intergovernmental - Federal - Operating Grants,REVENUES,Intergovernmental,Federal,Operating Grants
6202726,state of utah,Uintah County,343,2018,1209216.49,4,30030202,Intergovernmental - State  - Capital Grants,REVENUES,Intergovernmental,State,Capital Grants
6202753,tri county health departme,Uintah County,343,2018,145399.73,27,30030101,Intergovernmental - Federal - Operating Grants,REVENUES,Intergovernmental,Federal,Operating Grants
6202913,state of utah,Uintah County,343,2018,71104.07,4,30030202,Intergovernmental - State  - Capital Grants,REVENUES,Intergovernmental,State,Capital Grants
6203027,state of utah,Uintah County,343,2018,60000,1,30030101,Intergovernmental - Federal - Operating Grants,REVENUES,Intergovernmental,Federal,Operating Grants
6203027,state of utah,Uintah County,343,2018,81958.7,5,30030202,Intergovernmental - State  - Capital Grants,REVENUES,Intergovernmental,State,Capital Grants
6203075,ptif,Uintah County,343,2018,34056.23,2,30030201,Intergovernmental - State  - Operating Grants,REVENUES,Intergovernmental,State,Operating Grants
6203094,tri county health departme,Uintah County,343,2018,166314.11,26,30030101,Intergovernmental - Federal - Operating Grants,REVENUES,Intergovernmental,Federal,Operating Grants
6203204,cowboy partners llc,Salt Lake County,331,2018,250000,1,40060100,Grants and Contracts - Federal,EXPENDITURES,Grants and Contracts,Federal,NA
6203322,rfsl holdings llc,Salt Lake County,331,2018,26801,13,40060100,Grants and Contracts - Federal,EXPENDITURES,Grants and Contracts,Federal,NA
6203322,rfsl holdings llc,Salt Lake County,331,2019,131995,20,40060100,Grants and Contracts - Federal,EXPENDITURES,Grants and Contracts,Federal,NA
6218774,ten publishing media llc,Washington County,349,2018,30000,1,40060400,Grants and Contracts - Private,EXPENDITURES,Grants and Contracts,Private,NA
6264239,need a big screencom,Summit County,339,2018,27200,1,40060000,Grants and Contracts,EXPENDITURES,Grants and Contracts,NA,NA
6299824,state of utah,Washington County,349,2018,1016100,2,40060400,Grants and Contracts - Private,EXPENDITURES,Grants and Contracts,Private,NA
6299943,cactus,Washington County,349,2018,170880,1,40060400,Grants and Contracts - Private,EXPENDITURES,Grants and Contracts,Private,NA
6304206,emery county business chamber,Emery County,311,2019,26000,2,40060000,Grants and Contracts,EXPENDITURES,Grants and Contracts,NA,NA
6305911,utah health and human rights project,Salt Lake County,331,2019,35804.8,7,40060100,Grants and Contracts - Federal,EXPENDITURES,Grants and Contracts,Federal,NA
6305926,millcreek city,Salt Lake County,331,2019,70786.93,1,40060100,Grants and Contracts - Federal,EXPENDITURES,Grants and Contracts,Federal,NA
6305951,higrade llc,Salt Lake County,331,2018,90000,1,40060100,Grants and Contracts - Federal,EXPENDITURES,Grants and Contracts,Federal,NA
6305952,hub of opportunity llc,Salt Lake County,331,2018,875000,2,40060100,Grants and Contracts - Federal,EXPENDITURES,Grants and Contracts,Federal,NA
6305983,realco development llc,Salt Lake County,331,2018,42176,19,40060100,Grants and Contracts - Federal,EXPENDITURES,Grants and Contracts,Federal,NA
6305983,realco development llc,Salt Lake County,331,2019,289096.25,46,40060100,Grants and Contracts - Federal,EXPENDITURES,Grants and Contracts,Federal,NA
6331195,state of utah,Uintah County,343,2018,44147.71,4,30030202,Intergovernmental - State  - Capital Grants,REVENUES,Intergovernmental,State,Capital Grants
6331224,tri county health departme,Uintah County,343,2018,74923.46,6,30030101,Intergovernmental - Federal - Operating Grants,REVENUES,Intergovernmental,Federal,Operating Grants
6331377,tri county health departme,Uintah County,343,2018,96903.99,22,30030101,Intergovernmental - Federal - Operating Grants,REVENUES,Intergovernmental,Federal,Operating Grants
6331496,tri county health departme,Uintah County,343,2018,33052.5,18,30030101,Intergovernmental - Federal - Operating Grants,REVENUES,Intergovernmental,Federal,Operating Grants
6331557,vernal city,Uintah County,343,2018,50000,1,30030301,Intergovernmental - Local  - Operating Grants,REVENUES,Intergovernmental,Local,Operating Grants
6331854,tri county health departme,Uintah County,343,2018,136336.54,23,30030101,Intergovernmental - Federal - Operating Grants,REVENUES,Intergovernmental,Federal,Operating Grants
6332019,tri county health departme,Uintah County,343,2018,48901.64,3,30030101,Intergovernmental - Federal - Operating Grants,REVENUES,Intergovernmental,Federal,Operating Grants
6332160,tri county health departme,Uintah County,343,2018,100932.84,27,30030101,Intergovernmental - Federal - Operating Grants,REVENUES,Intergovernmental,Federal,Operating Grants
6341313,matrix consulting group,Grand County,315,2018,37709,3,40060000,Grants and Contracts,EXPENDITURES,Grants and Contracts,NA,NA
6341313,matrix consulting group,Grand County,315,2019,36033,3,40060000,Grants and Contracts,EXPENDITURES,Grants and Contracts,NA,NA
6341343,gc  ems special service district,Grand County,315,2018,94300,2,40060000,Grants and Contracts,EXPENDITURES,Grants and Contracts,NA,NA
6341343,gc  ems special service district,Grand County,315,2019,678267.17,3,40060000,Grants and Contracts,EXPENDITURES,Grants and Contracts,NA,NA
6348247,not provided,San Juan County,333,2018,435725.4,71,30030101,Intergovernmental - Federal - Operating Grants,REVENUES,Intergovernmental,Federal,Operating Grants
6348247,not provided,San Juan County,333,2018,1525193.22,87,30030201,Intergovernmental - State  - Operating Grants,REVENUES,Intergovernmental,State,Operating Grants
6348247,not provided,San Juan County,333,2018,203988.75,7,30030301,Intergovernmental - Local  - Operating Grants,REVENUES,Intergovernmental,Local,Operating Grants
6348247,not provided,San Juan County,333,2018,34302.43,18,30030302,Intergovernmental - Local  - Capital Grants,REVENUES,Intergovernmental,Local,Capital Grants
6348247,not provided,San Juan County,333,2019,1113637.74,168,30030101,Intergovernmental - Federal - Operating Grants,REVENUES,Intergovernmental,Federal,Operating Grants
6348247,not provided,San Juan County,333,2019,1636069,2,30030102,Intergovernmental - Federal - Capital Grants,REVENUES,Intergovernmental,Federal,Capital Grants
6348247,not provided,San Juan County,333,2019,6499954.09,216,30030201,Intergovernmental - State  - Operating Grants,REVENUES,Intergovernmental,State,Operating Grants
6348247,not provided,San Juan County,333,2019,2316840.18,23,30030301,Intergovernmental - Local  - Operating Grants,REVENUES,Intergovernmental,Local,Operating Grants
6348247,not provided,San Juan County,333,2019,87088.52,44,30030302,Intergovernmental - Local  - Capital Grants,REVENUES,Intergovernmental,Local,Capital Grants
6372824,south valley services,Salt Lake County,331,2019,43723.3,13,40060100,Grants and Contracts - Federal,EXPENDITURES,Grants and Contracts,Federal,NA
6372834,collective recovery center,Salt Lake County,331,2019,121876,16,40060100,Grants and Contracts - Federal,EXPENDITURES,Grants and Contracts,Federal,NA
6372838,granton square llc,Salt Lake County,331,2018,98358,1,40060100,Grants and Contracts - Federal,EXPENDITURES,Grants and Contracts,Federal,NA
6381130,agt group llc,Washington County,349,2019,35988.35,3,40060100,Grants and Contracts - Federal,EXPENDITURES,Grants and Contracts,Federal,NA
6381130,agt group llc,Washington County,349,2019,70027.5,3,40060200,Grants and Contracts - State,EXPENDITURES,Grants and Contracts,State,NA
6381607,gm young commercial fleet,Washington County,349,2019,55451,1,40060100,Grants and Contracts - Federal,EXPENDITURES,Grants and Contracts,Federal,NA
6385564,north ogden city corporation,Weber County,353,2018,738763,5,40060300,Grants and Contracts - Local,EXPENDITURES,Grants and Contracts,Local,NA
6385564,north ogden city corporation,Weber County,353,2019,25791,3,40060300,Grants and Contracts - Local,EXPENDITURES,Grants and Contracts,Local,NA
6403538,state of utah,Uintah County,343,2019,30100,3,30030202,Intergovernmental - State  - Capital Grants,REVENUES,Intergovernmental,State,Capital Grants
6403591,state of utah,Uintah County,343,2019,28368.37,1,30030202,Intergovernmental - State  - Capital Grants,REVENUES,Intergovernmental,State,Capital Grants
6403703,state of utah,Uintah County,343,2019,42500,1,30030201,Intergovernmental - State  - Operating Grants,REVENUES,Intergovernmental,State,Operating Grants
6403752,tri county health departme,Uintah County,343,2019,76605.43,27,30030101,Intergovernmental - Federal - Operating Grants,REVENUES,Intergovernmental,Federal,Operating Grants
6403782,vernal city,Uintah County,343,2019,50000,1,30030301,Intergovernmental - Local  - Operating Grants,REVENUES,Intergovernmental,Local,Operating Grants
6403860,tri county health departme,Uintah County,343,2019,31558,12,30030101,Intergovernmental - Federal - Operating Grants,REVENUES,Intergovernmental,Federal,Operating Grants
6403891,state of utah,Uintah County,343,2019,164301.75,1,30030202,Intergovernmental - State  - Capital Grants,REVENUES,Intergovernmental,State,Capital Grants
6404129,tri county health departme,Uintah County,343,2019,209504.94,38,30030101,Intergovernmental - Federal - Operating Grants,REVENUES,Intergovernmental,Federal,Operating Grants
6404309,state of utah,Uintah County,343,2019,43193.68,1,30030101,Intergovernmental - Federal - Operating Grants,REVENUES,Intergovernmental,Federal,Operating Grants
6404451,ballard city,Uintah County,343,2019,100180.35,1,30030202,Intergovernmental - State  - Capital Grants,REVENUES,Intergovernmental,State,Capital Grants
6404499,tri county health departme,Uintah County,343,2019,95743.74,35,30030101,Intergovernmental - Federal - Operating Grants,REVENUES,Intergovernmental,Federal,Operating Grants
6414394,egyptian theater foundation inc,Weber County,353,2019,60000,1,40060300,Grants and Contracts - Local,EXPENDITURES,Grants and Contracts,Local,NA
6452097,town of alta,Salt Lake County,331,2019,34338,1,40060100,Grants and Contracts - Federal,EXPENDITURES,Grants and Contracts,Federal,NA
6452167,utah community action,Salt Lake County,331,2019,105229.52,4,40060100,Grants and Contracts - Federal,EXPENDITURES,Grants and Contracts,Federal,NA
6452246,housing connect,Salt Lake County,331,2019,1308344.71,60,40060100,Grants and Contracts - Federal,EXPENDITURES,Grants and Contracts,Federal,NA
6452288,keith barton construction,Salt Lake County,331,2019,368850,27,40060100,Grants and Contracts - Federal,EXPENDITURES,Grants and Contracts,Federal,NA
6452293,greater salt lake municipal services,Salt Lake County,331,2019,592494.25,3,40060100,Grants and Contracts - Federal,EXPENDITURES,Grants and Contracts,Federal,NA
6452454,alpine customs contracting llc,Salt Lake County,331,2019,87493,8,40060100,Grants and Contracts - Federal,EXPENDITURES,Grants and Contracts,Federal,NA
6452468,american residential company llc,Salt Lake County,331,2019,124505.82,11,40060100,Grants and Contracts - Federal,EXPENDITURES,Grants and Contracts,Federal,NA
6452514,phoenix rising,Salt Lake County,331,2019,93539,8,40060100,Grants and Contracts - Federal,EXPENDITURES,Grants and Contracts,Federal,NA
6455100,blue line innovations llc,Washington County,349,2019,34352,2,40060200,Grants and Contracts - State,EXPENDITURES,Grants and Contracts,State,NA
6455106,juvare,Washington County,349,2019,66665,1,40060100,Grants and Contracts - Federal,EXPENDITURES,Grants and Contracts,Federal,NA
6457175,straight stripe painting inc,Cache County,301,2019,190417.32,4,40060000,Grants and Contracts,EXPENDITURES,Grants and Contracts,NA,NA
6482990,us dept of housing and,Salt Lake County,331,2019,36961.87,1,40060100,Grants and Contracts - Federal,EXPENDITURES,Grants and Contracts,Federal,NA
6492831,stewarts rv              4753,Wayne County,351,2019,35000,1,40060000,Grants and Contracts,EXPENDITURES,Grants and Contracts,NA,NA
6566963,state of utah,Uintah County,343,2019,87332,3,30030201,Intergovernmental - State  - Operating Grants,REVENUES,Intergovernmental,State,Operating Grants
6566990,tri county health departme,Uintah County,343,2019,118292.75,30,30030101,Intergovernmental - Federal - Operating Grants,REVENUES,Intergovernmental,Federal,Operating Grants
6567011,state of utah,Uintah County,343,2019,28300,3,30030202,Intergovernmental - State  - Capital Grants,REVENUES,Intergovernmental,State,Capital Grants
6567585,tri county health departme,Uintah County,343,2019,252872.4,37,30030101,Intergovernmental - Federal - Operating Grants,REVENUES,Intergovernmental,Federal,Operating Grants
6567599,state of utah,Uintah County,343,2019,117685.76,1,30030101,Intergovernmental - Federal - Operating Grants,REVENUES,Intergovernmental,Federal,Operating Grants
6567600,vernal city corp,Uintah County,343,2019,50000,1,30030301,Intergovernmental - Local  - Operating Grants,REVENUES,Intergovernmental,Local,Operating Grants
6567610,tri county health departme,Uintah County,343,2019,27175.77,6,30030101,Intergovernmental - Federal - Operating Grants,REVENUES,Intergovernmental,Federal,Operating Grants
6567733,state of utah,Uintah County,343,2019,86134.71,2,30030202,Intergovernmental - State  - Capital Grants,REVENUES,Intergovernmental,State,Capital Grants
6567809,state of utah,Uintah County,343,2019,151146.69,1,30030202,Intergovernmental - State  - Capital Grants,REVENUES,Intergovernmental,State,Capital Grants
6567917,state of utah,Uintah County,343,2019,27250,2,30030202,Intergovernmental - State  - Capital Grants,REVENUES,Intergovernmental,State,Capital Grants
6567988,tri county health departme,Uintah County,343,2019,126118.34,30,30030101,Intergovernmental - Federal - Operating Grants,REVENUES,Intergovernmental,Federal,Operating Grants
6588103,davis conference center,Davis County,307,2019,30870.22,2,40060400,Grants and Contracts - Private,EXPENDITURES,Grants and Contracts,Private,NA
6590643,town of altamont,Duchesne County,309,2018,50505.94,16,40060300,Grants and Contracts - Local,EXPENDITURES,Grants and Contracts,Local,NA
6590643,town of altamont,Duchesne County,309,2019,42213.66,11,40060300,Grants and Contracts - Local,EXPENDITURES,Grants and Contracts,Local,NA
6597721,salt lake valley habitat for humanity,Salt Lake County,331,2019,500922.89,79,40060100,Grants and Contracts - Federal,EXPENDITURES,Grants and Contracts,Federal,NA
6598021,pivot point llc,Salt Lake County,331,2019,28833,10,40060100,Grants and Contracts - Federal,EXPENDITURES,Grants and Contracts,Federal,NA
6598054,cold creek behavioral health,Salt Lake County,331,2019,79468,6,40060100,Grants and Contracts - Federal,EXPENDITURES,Grants and Contracts,Federal,NA
6615757,brown brothers construction co,Piute County,327,2019,166711.76,2,40060200,Grants and Contracts - State,EXPENDITURES,Grants and Contracts,State,NA
6653754,state of utah,Uintah County,343,2019,71032,1,30030201,Intergovernmental - State  - Operating Grants,REVENUES,Intergovernmental,State,Operating Grants
6653840,wells fargo,Uintah County,343,2019,3083676,2,30030101,Intergovernmental - Federal - Operating Grants,REVENUES,Intergovernmental,Federal,Operating Grants
6653906,state of utah,Uintah County,343,2019,75841.09,1,30030202,Intergovernmental - State  - Capital Grants,REVENUES,Intergovernmental,State,Capital Grants
6653921,state of utah,Uintah County,343,2019,28630,1,30030101,Intergovernmental - Federal - Operating Grants,REVENUES,Intergovernmental,Federal,Operating Grants
6653948,state of utah,Uintah County,343,2019,169879.96,3,30030101,Intergovernmental - Federal - Operating Grants,REVENUES,Intergovernmental,Federal,Operating Grants
6654062,tri county health departme,Uintah County,343,2019,89014.58,30,30030101,Intergovernmental - Federal - Operating Grants,REVENUES,Intergovernmental,Federal,Operating Grants
6654127,state of utah,Uintah County,343,2019,26815.97,1,30030101,Intergovernmental - Federal - Operating Grants,REVENUES,Intergovernmental,Federal,Operating Grants
6654128,state of utah,Uintah County,343,2019,42500,1,30030201,Intergovernmental - State  - Operating Grants,REVENUES,Intergovernmental,State,Operating Grants
6654211,state of utah,Uintah County,343,2019,44348.62,1,30030202,Intergovernmental - State  - Capital Grants,REVENUES,Intergovernmental,State,Capital Grants
6654245,wells fargo  ach,Uintah County,343,2019,32500,1,30030101,Intergovernmental - Federal - Operating Grants,REVENUES,Intergovernmental,Federal,Operating Grants
6654390,tri county health departme,Uintah County,343,2019,30439.5,13,30030101,Intergovernmental - Federal - Operating Grants,REVENUES,Intergovernmental,Federal,Operating Grants
6654406,vernal city,Uintah County,343,2019,50000,1,30030301,Intergovernmental - Local  - Operating Grants,REVENUES,Intergovernmental,Local,Operating Grants
6654481,tri county health departme,Uintah County,343,2019,89817.31,32,30030101,Intergovernmental - Federal - Operating Grants,REVENUES,Intergovernmental,Federal,Operating Grants
6654689,welss fargo  ach deposits,Uintah County,343,2019,42950,1,30030101,Intergovernmental - Federal - Operating Grants,REVENUES,Intergovernmental,Federal,Operating Grants
6654823,tri county health departme,Uintah County,343,2019,56868.17,4,30030101,Intergovernmental - Federal - Operating Grants,REVENUES,Intergovernmental,Federal,Operating Grants
6654915,state of utah,Uintah County,343,2019,110481.27,27,30030101,Intergovernmental - Federal - Operating Grants,REVENUES,Intergovernmental,Federal,Operating Grants
6656217,park city historical societymuseum,Summit County,339,2019,65000,1,40060000,Grants and Contracts,EXPENDITURES,Grants and Contracts,NA,NA
6688484,steps recovery sober living,Salt Lake County,331,2019,87355,4,40060100,Grants and Contracts - Federal,EXPENDITURES,Grants and Contracts,Federal,NA
6688518,magna metro township,Salt Lake County,331,2019,36666.65,5,40060100,Grants and Contracts - Federal,EXPENDITURES,Grants and Contracts,Federal,NA
6701768,mcmillen jacobs associates,Washington County,349,2019,33917.33,3,40060100,Grants and Contracts - Federal,EXPENDITURES,Grants and Contracts,Federal,NA
6701808,pips technology,Washington County,349,2019,33700,3,40060200,Grants and Contracts - State,EXPENDITURES,Grants and Contracts,State,NA
6705469,davis community housing authority,Davis County,307,2019,25813,2,40060300,Grants and Contracts - Local,EXPENDITURES,Grants and Contracts,Local,NA
6705503,woods cross city,Davis County,307,2019,80000,1,40060300,Grants and Contracts - Local,EXPENDITURES,Grants and Contracts,Local,NA
